{
    "id": "4349",
    "name": "Webinar Registration - Two Date",
    "mobile": true,
    "notes": "Adjusted countdown label styling to allow for text styling.",
    "syntax": 4,
    "version": 1.02,
    "style": {
        "replacements": [
            {"type": "font", "name": "Text Font", "find": "'Lato'"},
            {"type": "font", "name": "Button Font", "find": "'Montserrat'"},

            {"type": "color", "find": "#33495f", "name": "General Text"},
            {"type": "color", "find": "#1ec279", "name": "Accent Color #1"},
            {"type": "color", "find": "#1fa2ed", "name": "Accent Color #2"},
            {"type": "color", "find": "#feffff", "name": "Button Text & Hover"},
            {"type": "color", "find": "#25364c", "name": "Banner Background (No Image)"},
            {"type": "color", "find": "#fffeff", "name": "Banner Text"},
            {"type": "color", "find": "#fffffe", "name": "Schedule Background"},
            {"type": "color", "find": "#fefeff", "name": "Countdown Numbers"},
            {"type": "color", "find": "#999998", "name": "Countdown Labels"},
            {"type": "color", "find": "#c5c5c6", "name": "Countdown Spacers"},
            {"type": "color", "find": "#c5c5c4", "name": "Countdown Top Bar"},
            {"type": "color", "find": "#b7b7b6", "name": "Countdown Bottom Bar"},
            {"type": "color", "find": "#25364b", "name": "Details Background"},
            {"type": "color", "find": "#fefffe", "name": "Details Text"},
            {"type": "color", "find": "#fffefe", "name": "Month & Box Color"},
            {"type": "color", "find": "#fdfefe", "name": "Call to Action Background"}
        ]
    },
    "elements": [
        {"id": "banner", "name": "Banner", "type": "container"},
        {"id": "background", "name": "Banner Image", "type": "background-image"},
        {"id": "banner-title", "name": "Title", "type": "text"},
        {"id": "banner-subtitle", "name": "Subtitle", "type": "text"},
        {"id": "banner-icon", "name": "Icon", "type": "image", "data": { "max-width": 100 } },
        {"id": "banner-text", "name": "Text", "type": "text"},
        {"id": "banner-btn", "name": "Button", "type": "link", "data": {"href": "#/optin"} },
        {"id": "banner-arrow", "name": "Arrow", "type": "container"},



        {"id": "schedule", "name": "Schedule", "type": "container"},
        {"id": "schedule-intro", "name": "Intro", "type": "container"},
        {"id": "schedule-title", "name": "Title", "type": "text"},
        {"id": "schedule-subtitle", "name": "Subtitle", "type": "text"},
        {"id": "schedule-text", "name": "Text", "type": "text"},

        {"id": "schedule-col-1", "name": "Column #1", "type": "container"},
        {"id": "schedule-img-1", "name": "Profile Image #1", "type": "image", "data": { "max-width": 313 } },

        {"id": "schedule-col-2", "name": "Column #2", "type": "container"},

        {"id": "schedule-countdown-wrapper-1", "name": "Countdown #1", "type": "container"},
        {"id": "schedule-countdown-1-title", "name": "Title", "type": "text"},
        {"id": "schedule-countdown-1", "name": "Timer", "type": "countdown"},
        {"id": "days-text-1", "name": "Days", "type": "text"},
        {"id": "hours-text-1", "name": "Hours", "type": "text"},
        {"id": "minutes-text-1", "name": "Minutes", "type": "text"},
        {"id": "seconds-text-1", "name": "Seconds", "type": "text"},
        {"id": "schedule-btn-1", "name": "Button", "type": "link", "data": {"href": "#/optin"} },

        {"id": "schedule-countdown-wrapper-2", "name": "Countdown #2", "type": "container"},
        {"id": "schedule-countdown-2-title", "name": "Title", "type": "text"},
        {"id": "schedule-countdown-2", "name": "Timer", "type": "countdown"},
        {"id": "days-text-2", "name": "Days", "type": "text"},
        {"id": "hours-text-2", "name": "Hours", "type": "text"},
        {"id": "minutes-text-2", "name": "Minutes", "type": "text"},
        {"id": "seconds-text-2", "name": "Seconds", "type": "text"},
        {"id": "schedule-btn-2", "name": "Button", "type": "link", "data": {"href": "#/optin"} },

        {"id": "schedule-col-3", "name": "Column #3", "type": "container"},
        {"id": "schedule-img-2", "name": "Profile Image #2", "type": "image", "data": { "max-width": 313 } },



        {"id": "details", "name": "Details", "type": "container"},

        {"id": "details-col-1", "name": "Column #1", "type": "container"},
        {"id": "details-overview-title", "name": "Title", "type": "text"},
        {"id": "details-overview-list", "name": "Text", "type": "text"},

        {"id": "details-col-2", "name": "Column #2", "type": "container"},
        {"id": "details-dates-title", "name": "Title", "type": "text"},

        {"id": "date-1-wrapper", "name": "Date #1", "type": "container"},
        {"id": "date-1", "name": "Calendar Box", "type": "container"},
        {"id": "date-1-month", "name": "Month", "type": "text"},
        {"id": "date-1-day", "name": "Day", "type": "text"},
        {"id": "date-times-1-title", "name": "Title", "type": "text"},
        {"id": "date-times-1-list", "name": "Text", "type": "text"},
        {"id": "details-btn-1", "name": "Button", "type": "link", "data": {"href": "#/optin"} },

        {"id": "date-2-wrapper", "name": "Date #2", "type": "container"},
        {"id": "date-2", "name": "Calendar Box", "type": "container"},
        {"id": "date-2-month", "name": "Month", "type": "text"},
        {"id": "date-2-day", "name": "Day", "type": "text"},
        {"id": "date-times-2-title", "name": "Title", "type": "text"},
        {"id": "date-times-2-list", "name": "Text", "type": "text"},
        {"id": "details-btn-2", "name": "Button", "type": "link", "data": {"href": "#/optin"} },

        {"id": "details-arrow", "name": "Arrow", "type": "container"},



        {"id": "cta", "name": "Call to Action", "type": "container"},
        {"id": "cta-title", "name": "Title", "type": "text"},
        {"id": "cta-text", "name": "Text", "type": "text"},
        {"id": "cta-btn", "name": "Button", "type": "link", "data": {"href": "#/optin"} }
    ],
    "form": {}
}
